Year/Month,BE,BG,DK,DE,EL,ES,FR,HR,IT,NL,AT,PL,PT,RO,SI,FI
2021/01,0.012279210352318826,-0.03289897039897027,-0.002865329512893977,0.034946236559139754,9.864851533980534e-05,0.01623560505946764,0.005759940542549247,-0.027756868648852073,0.009496676163342821,0.020471464019851116,-0.02364711232378358,-0.026337448559670795,0.004042493184168494,0.03606998654104987,-0.007642563198118735,0.02086836119078228
2021/02,0.004416463070851417,-0.0411694032839407,-0.0047483380816714105,0.01936619718309851,-0.0038583300356153094,0.01004883546205848,0.008916132627472706,-0.02937576499387995,0.005687203791469031,0.0007775377969763131,-0.0002694691457828524,-0.025577557755775637,-0.0022492970946580426,0.031874999999999876,-0.015350149352804432,0.01072542901716056
2021/03,9.308386856554662e-05,-0.04516335682254968,-0.04189944134078216,0.013973799126637543,-0.008307783602017671,0.008323202094828286,0.005930318754633124,-0.028705440900562706,0.0,-0.016822429906542036,0.015706806282722363,-0.0299352750809061,-0.003446348733234017,0.025591074116709356,-0.023250082155767293,0.007534048101999424
2021/04,-0.0038924930491195386,-0.03175621491579794,-0.011310084825636113,0.015625,-0.0035774619894664017,0.004826434007796587,0.004526140772215026,-0.01664459996217127,-0.0009380863039398779,-0.01971447994561526,-0.009966186154119816,-0.01300813008130075,-0.007318635074558544,0.02506596306068598,-0.02737811395214995,0.012619839561729629
2021/05,-0.003985540828621792,-0.02589881766267188,-0.014058106841612017,0.01384083044982698,0.014466726528983287,0.008941877794336861,0.0005517241379311422,-0.02399848828420259,0.0009380863039401,-0.014797176630665931,0.035184167124793886,0.01822700911350461,0.007943105199962996,0.024353920280332897,-0.01622734761120259,0.0003870718018190722
2021/06,0.0013036595586182198,-0.01967479674796746,-0.01037735849056598,0.0060344827586207295,0.009133326714980683,0.012515176987017762,0.005796301407673177,-0.0042077077555704445,0.00470366886171214,-0.016119453635361047,0.00839135868594898,0.0314830157415078,0.012094912750438613,0.024385980246482086,0.0065010835139189815,-0.0016377649325626242
2021/07,0.003894297635605115,-0.014738393515106862,0.0028248587570620654,0.03242769500438225,0.004067460317460192,0.010345791779289737,0.011658031088082943,0.01077026637176659,0.007547169811320753,-0.013481431236221808,0.0025830586977821923,0.04159733777038266,0.008689221667591118,0.026538629419467608,-0.0004153858934951016,-0.00670947953608747
2021/08,0.007428730615655965,-0.006036550070288582,0.015311004784688942,0.03508771929824572,0.014111100069561733,0.006870299879305541,0.011067047864981916,0.0002850898032880078,0.011310084825636224,-0.0030640905608988467,0.012435140454464033,0.049579831932773155,0.018161497625034828,0.02852905252137483,-0.002564102564102555,-0.0020174848688635505
2021/09,0.003906613338294118,-0.008821831972957384,0.009624639076034613,0.040492957746478986,0.013756927949327036,0.008913649025069637,0.010630430763542087,0.008750000000000036,0.01226415094339628,-0.009580330648579993,0.008844813722862499,0.038590604026845554,0.004208754208754328,0.032693984306887636,0.003970551741252493,0.003469545104086258
2021/10,0.004628343978524407,0.00811661421235721,0.012404580152671763,0.0448154657293498,0.029983066042434503,0.013277623026926477,0.013797573849430478,0.018982462902293218,0.017029328287606393,-0.0034917390563787842,0.00801924619085792,0.03895004233700261,0.007844602166604542,0.03611207796728144,-0.01071873701703363,0.003545080003832357
2021/11,0.0070796460176991705,0.008531433777851483,0.015180265654648917,0.048330404217926226,0.04061165723364124,0.025943834852147907,0.013481071098799813,0.03732790382005047,0.016037735849056656,-0.006826521034217881,0.029034008683068047,0.05366269165247006,0.020488352511928154,0.03858520900321549,-0.01310955243820977,0.009956500724987993
2021/12,0.0109239029809296,0.016364844658581124,0.020095693779904167,0.05369718309859173,0.045829605328561396,0.035803728782116684,0.016794315770046975,0.049980514419329714,0.021739130434782483,0.019342025731801993,0.011938702779757726,0.07903780068728516,0.03485531754979343,0.043772798332464946,0.007312925170068096,0.007544249927459168
2022/01,0.016795745077913482,0.020543957414954628,0.022030651340996243,0.042424242424242475,0.03403038074570919,0.033903028051272655,0.019582486606318117,0.06164714990806153,0.026340545625587852,0.02778983933999113,0.05002328830926883,0.07861369399830931,0.042134831460674205,0.04919026586992303,0.009901828029790227,0.015888393722146787
2022/02,0.027130695107119518,0.0381755910116115,0.040076335877862634,0.041450777202072464,0.0423080742874169,0.03412366341236628,0.022185399981589082,0.0654767678727326,0.03864278982092384,0.03763812154696122,0.029290206648697303,0.05588484335309074,0.04865677249671241,0.05901185428744493,0.027892474930479416,0.02923017557399188
2022/03,0.031180193596425987,0.09602482388460243,0.06025267249757027,0.05167958656330751,0.06302981948738418,0.04090150250417368,0.029568901989682983,0.08701950936835989,0.0470366886171214,0.05496024887659878,0.040437255599004684,0.10091743119266039,0.07879241050565478,0.07831117250906594,0.03801833627723106,0.023679417122040025
2022/04,0.04614812058057316,0.15943349345701519,0.0867492850333651,0.11794871794871797,0.14291413184402124,0.07389617587289865,0.04202298850574704,0.11771494518176562,0.06197183098591541,0.10454230235783646,0.10740607585834971,0.18039538714991776,0.13574785734033723,0.1068211068211069,0.10743871513102277,0.04898077480436669
2022/05,0.06476828587381367,0.18346957311534973,0.11977186311787058,0.16552901023890776,0.13837529504327284,0.08585672082717877,0.06120760959470628,0.15730880929332036,0.07216494845360821,0.139490720759603,0.11347141086918033,0.1863303498779496,0.15925959864381944,0.11596681775421191,0.12258226576237119,0.12091313600309528
2022/06,0.08416255928578065,0.19795986067341187,0.17445185891325066,0.18851756640959705,0.1478603049680276,0.09657780647541747,0.07144163922429558,0.15663113415922414,0.0814606741573034,0.16133482797275156,0.13234773371104813,0.17108433734939776,0.16256157635467972,0.12627986348122855,0.13100364359059302,0.1639486635144265
2022/07,0.09596379421815837,0.20634920634920628,0.18028169014084505,0.18336162988115468,0.16638672067977467,0.10876383763837638,0.08761660874336918,0.1838074398249454,0.08614232209737827,0.16149548775247102,0.1396588486140724,0.17252396166134187,0.17677785923753664,0.13164384726592382,0.1425365691489362,0.16645758950110978
2022/08,0.10111531016683561,0.23003327787021632,0.18096135721017914,0.18559322033898318,0.17001469867711916,0.11572153065929003,0.10234424883699722,0.1962758882766482,0.08853681267474367,0.16955519508238726,0.14235221348413885,0.18815052041633296,0.19209659714599336,0.14462634659428275,0.1427149846587612,0.1675972275702735
2022/09,0.10655054201797465,0.2552819830311097,0.1868446139180171,0.19458544839255487,0.17426535194767157,0.11982330204307012,0.1104911735113876,0.19245067200457533,0.09506057781919863,0.16623865776408153,0.15311725115125752,0.22940226171243938,0.21719288441836637,0.1513718868720979,0.14196259372167752,0.2196504033807145
2022/10,0.12273104210817287,0.25205389418337165,0.1800188501413762,0.1942809083263246,0.1718568665377176,0.12526344726473027,0.12394957983193278,0.18099290780141852,0.104186046511628,0.17263481753696275,0.15548484044904098,0.25427872860635703,0.2210896960711639,0.15822625346434882,0.1708382328237863,0.22102348672904348
2022/11,0.13828508001109974,0.2616622864651774,0.16168224299065415,0.19782062028499592,0.16574427480916043,0.12109127163962663,0.1369351311953353,0.17693242359098993,0.10863509749303613,0.18755906864850935,0.1594444932759076,0.2554567502021019,0.2120462046204621,0.16793573759518043,0.18047212116084288,0.21669218989280248
2022/12,0.13360805860805858,0.2754393134450348,0.14821763602251425,0.19131161236424377,0.17585551330798488,0.12232470672517226,0.13984935112079144,0.16989885868052346,0.11193339500462551,0.1848369335027531,0.18136995949991208,0.24124203821656054,0.21198365864729918,0.17881511066733213,0.19162586527097747,0.20725736776423154
2023/01,0.15729099752225384,0.280603096984515,0.15557638238050608,0.1893687707641194,0.19364685681579696,0.1325128020842692,0.15038956332668962,0.15752051048313587,0.10815765352887263,0.17710181664554292,0.19047196593328608,0.22884012539184972,0.20296495956873306,0.17754849360297142,0.20564820246375604,0.19959946595460631
2023/02,0.16130795154385646,0.2741390408754425,0.1440366972477065,0.18988391376451075,0.20047641734159116,0.13954324761733505,0.153728386167147,0.14430080116533128,0.09891107078039929,0.1708818635607321,0.18619064245810035,0.26222935044105866,0.2034217126477964,0.17836424544488927,0.18281685522216762,0.21145374449339216
2023/03,0.16806570990161562,0.23666692172316184,0.13565536205316242,0.1777231777231778,0.19879913687963224,0.13926757551456825,0.15496108079090987,0.1291870279875611,0.09164420485175206,0.15883027522935778,0.1476039976082686,0.22045454545454546,0.17639923756714615,0.1717511410040835,0.18207600680657965,0.20837235437347812
2023/04,0.14025257915332623,0.1618687049074934,0.08771929824561409,0.10321100917431192,0.1168411867364747,0.11310854980216756,0.14948817507942103,0.1208053691275166,0.07692307692307687,0.11214879924658616,0.10575440305170059,0.14096301465457084,0.11814345991561193,0.1514728682170543,0.10777803221128157,0.18824829618714323
2023/05,0.12672609683621738,0.1619339984650805,0.05602716468590829,0.06515373352855058,0.11818574514038893,0.10848495153885396,0.13345457694639307,0.10129652864910077,0.0725524475524475,0.08673585334444378,0.08656597774244834,0.1337448559670782,0.06149711485258069,0.14629473522875314,0.09330946520474392,0.10856057991025203
2023/06,0.11228341053353907,0.16441675320179994,0.04139610389610393,0.05407354001441966,0.11304422351731236,0.10321332436069985,0.11943993852983881,0.10453337761541026,0.06320346320346326,0.06860706860706856,0.08216714877648346,0.1337448559670782,0.057909604519774005,0.1497727272727274,0.05996485576219057,0.06184712319681651
